title,content
"Trade Ban on Wheat Flour from Ukraine","A severe trade ban on wheat flour exports from Ukraine has been announced, causing major disruptions to global supply chains."
"Climate Impact on Garlic Production in China","Climate change has significantly affected garlic production in China, leading to potential supply shortages and rising prices globally."
"Yeast Production Halt in France","Production of yeast in France has been halted due to unforeseen circumstances, potentially impacting bread supply chains worldwide."
"Export Restriction on Wheat in Canada","The Canadian government has imposed export restrictions on wheat due to supply concerns."
"Market Stability Report","The market has been stable, and no significant disruptions have been reported in supply chains worldwide."
"Embargo on Agricultural Goods from USA","A new embargo on agricultural goods from the USA is expected to disrupt global food supplies."
"Crop Failure in India","Severe crop failure in India due to unprecedented weather changes has caused significant food shortages."
"Normal Market Conditions Observed","There are no disruptions reported in global supply chains. Markets remain stable and operational."
"Production Halt on Wheat Flour in Ukraine","A production halt on wheat flour in Ukraine has been announced, affecting supply chains globally."
"Garlic Supply Chain Resilient in China","Despite climate challenges, China's garlic supply chain remains resilient and operational."
